epoch,kl_model,train_nll,train_loss,val_nll,val_loss,val_accuracy
1,4065.903076171875,2799.31201171875,3096.665283203125,21477.609375,25547.2265625,-0.2015092372894287
2,3123.077880859375,1840.68896484375,2066.22021484375,14340.6875,17470.7109375,0.1977473497390747
3,2630.832275390625,1377.8741455078125,1566.9613037109375,3981.436767578125,6612.673828125,0.7772688269615173
4,2329.36376953125,1045.3143310546875,1213.6634521484375,3231.71337890625,5569.87548828125,0.8192101716995239
5,2112.91943359375,772.13623046875,922.6386108398438,2522.56689453125,4633.4365234375,0.8588815331459045
6,1867.03466796875,627.5635986328125,762.293212890625,2128.716796875,3996.78271484375,0.8809144496917725
7,1616.4447021484375,565.6765747070312,684.6318359375,2302.8720703125,3935.919677734375,0.871171772480011
8,1471.8084716796875,580.6263427734375,683.562744140625,2027.5950927734375,3467.324951171875,0.8865714073181152
9,1278.535888671875,582.0599365234375,676.2603149414062,1988.821533203125,3274.954833984375,0.8887405395507812
10,1179.7391357421875,514.2147827148438,596.8356323242188,2240.837890625,3399.8662109375,0.8746421337127686
11,1093.375732421875,566.0648803710938,644.87841796875,1949.672607421875,3033.52587890625,0.8909305930137634
12,1017.631103515625,502.3201904296875,575.0903930664062,1871.630615234375,2877.269775390625,0.8952964544296265
13,1009.7803955078125,426.9095764160156,495.00433349609375,1793.33056640625,2754.41943359375,0.8996767401695251
14,928.0617065429688,420.7762451171875,489.4716796875,1699.817626953125,2637.670654296875,0.9049081206321716
15,907.4939575195312,447.80316162109375,512.3927001953125,1530.77197265625,2432.482666015625,0.9143649339675903
16,890.0357666015625,396.64788818359375,459.642578125,1639.739990234375,2541.925537109375,0.9082689881324768
17,845.677978515625,354.5536804199219,415.03424072265625,1424.031982421875,2434.5341796875,0.9203362464904785
18,840.2326049804688,352.30767822265625,412.251708984375,1282.2581787109375,2144.86181640625,0.9282673597335815
19,840.1455078125,313.51995849609375,373.10943603515625,1269.066650390625,2113.8125,0.9290053844451904
20,818.9683837890625,326.6158447265625,387.0506591796875,1339.7109375,2158.5263671875,0.9250533580780029
21,1076.5672607421875,580.5982666015625,654.048095703125,2395.881103515625,3447.2373046875,0.865968644618988
22,892.8106689453125,445.43560791015625,508.7762145996094,1527.880615234375,2440.3583984375,0.9145267009735107
23,878.3645629882812,354.2838439941406,416.66473388671875,1287.664794921875,2152.5322265625,0.9279649257659912
24,851.8351440429688,342.90875244140625,404.5200500488281,1292.864990234375,2141.236328125,0.9276739954948425
25,850.6664428710938,315.4764709472656,376.46435546875,1177.2330322265625,2012.075439453125,0.9341427683830261
26,822.9776000976562,303.1640625,362.998779296875,1153.641357421875,1983.89013671875,0.9354625344276428
27,821.2190551757812,249.84597778320312,306.7190856933594,1131.05029296875,1942.613525390625,0.9367263317108154
28,795.4290161132812,298.7510986328125,355.5252685546875,1177.8701171875,1971.466064453125,0.9341071248054504
29,796.56005859375,238.31216430664062,293.5199279785156,1075.79296875,1877.72802734375,0.9398175477981567
30,762.1357421875,265.56219482421875,320.25634765625,1080.520751953125,1866.6180419921875,0.9395530819892883
31,750.62939453125,268.0689392089844,322.5271301269531,1288.99267578125,2042.6614990234375,0.9278906583786011
32,754.6522216796875,251.83546447753906,304.123046875,1043.3878173828125,1791.791259765625,0.9416303634643555
33,715.6786499023438,252.50039672851562,304.6829528808594,1073.6795654296875,1793.3446044921875,0.9399358034133911
34,734.1708984375,253.3713836669922,304.43609619140625,1081.623046875,1816.148193359375,0.9394913911819458
35,717.3358154296875,275.119873046875,325.58740234375,1070.3743896484375,1773.69189453125,0.9401206970214844
36,704.7705078125,220.8232421875,271.78656005859375,1014.731689453125,1712.273681640625,0.9432334899902344
37,687.665771484375,229.65283203125,278.42755126953125,1041.746826171875,1739.3741455078125,0.9417221546173096
38,693.73583984375,237.90444946289062,287.8413391113281,1000.9249877929688,1692.976806640625,0.9440058469772339
39,691.313232421875,243.9285888671875,294.9129638671875,1027.579345703125,1693.5255126953125,0.9425147175788879
40,680.8787231445312,232.07618713378906,280.12432861328125,980.030029296875,1645.110595703125,0.9451747536659241
41,665.67529296875,206.1481170654297,255.37258911132812,966.417236328125,1643.55517578125,0.9459362626075745
42,660.4207763671875,254.5647430419922,302.4888610839844,994.52587890625,1692.4676513671875,0.9443638324737549
43,659.2164916992188,223.99395751953125,270.6412658691406,946.6134643554688,1608.14306640625,0.9470441341400146
44,659.5326538085938,240.8722381591797,287.6796875,948.4641723632812,1603.4617919921875,0.9469406008720398
45,655.7506713867188,199.0234375,245.65225219726562,1008.1950073242188,1650.348876953125,0.9435991644859314
46,648.6874389648438,248.9927520751953,294.9059753417969,975.2877197265625,1612.5283203125,0.9454400539398193
47,650.6080322265625,236.68258666992188,282.2883605957031,955.9175415039062,1596.156982421875,0.9465236663818359
48,643.720458984375,199.791748046875,245.40121459960938,941.020751953125,1578.60009765625,0.9473570585250854
49,622.0672607421875,237.4524383544922,283.217041015625,947.0302734375,1568.2012939453125,0.9470208287239075
50,620.3013916015625,222.83883666992188,268.47723388671875,956.714111328125,1586.5482177734375,0.946479082107544
51,605.7437744140625,238.030517578125,282.8136901855469,1004.1427001953125,1609.27099609375,0.9438258409500122
52,609.0675048828125,225.7169189453125,270.6892395019531,1017.21240234375,1630.5216064453125,0.9430946707725525
53,614.3267822265625,225.35357666015625,270.415771484375,967.974853515625,1569.041748046875,0.9458491802215576
54,605.0689697265625,214.5010528564453,257.1876220703125,1010.0195922851562,1615.8209228515625,0.9434970617294312
55,601.6096801757812,208.7696075439453,250.76348876953125,1024.7584228515625,1627.5869140625,0.9426725506782532
56,585.06884765625,206.4820556640625,248.83091735839844,948.7223510742188,1539.7191162109375,0.9469261765480042
57,604.3463745117188,183.56947326660156,225.83033752441406,967.074951171875,1555.487548828125,0.945899486541748
58,622.5410766601562,227.3945770263672,270.61376953125,937.5670166015625,1526.1729736328125,0.9475502371788025
59,590.9749145507812,234.55967712402344,276.9474182128906,953.256103515625,1542.5263671875,0.9466725587844849
60,591.2391967773438,203.86233520507812,246.15382385253906,926.197998046875,1520.0234375,0.9481862783432007
61,592.6986083984375,222.7872314453125,264.6926574707031,922.21484375,1498.4716796875,0.9484090805053711
62,574.9108276367188,211.13870239257812,251.50399780273438,930.3355712890625,1514.023193359375,0.9479547739028931
63,583.368408203125,196.38552856445312,236.93209838867188,913.8855590820312,1482.5067138671875,0.9488750100135803
64,567.1865234375,211.72059631347656,252.3748321533203,962.7477416992188,1541.5760498046875,0.9461416006088257
65,578.5740356445312,231.7891845703125,273.2339172363281,913.475830078125,1473.167236328125,0.9488979578018188
66,567.042236328125,229.67906188964844,271.96722412109375,934.84716796875,1494.16552734375,0.9477024078369141
67,571.0444946289062,211.70559692382812,252.02496337890625,912.7098999023438,1486.07861328125,0.9489408135414124
68,540.9892578125,202.53244018554688,242.4636688232422,916.9127197265625,1458.244384765625,0.9487056732177734
69,544.8732299804688,233.4998016357422,272.59967041015625,912.1517333984375,1451.211181640625,0.9489720463752747
70,558.2606811523438,220.75082397460938,261.1368408203125,981.6007690429688,1531.386962890625,0.9450868964195251
71,540.6166381835938,249.1897430419922,287.4692077636719,980.6585083007812,1515.037353515625,0.9451395869255066
72,539.1437377929688,209.09979248046875,247.68719482421875,955.9866943359375,1492.0001220703125,0.9465197920799255
73,553.8156127929688,207.4672088623047,245.00741577148438,934.9237670898438,1457.427978515625,0.9476981163024902
74,543.206298828125,251.4075164794922,290.0704650878906,1057.143310546875,1587.2803955078125,0.9408608675003052
75,528.0225219726562,202.016357421875,240.56723022460938,935.296875,1472.325439453125,0.9476772546768188
76,543.8128662109375,194.46142578125,233.30130004882812,924.31396484375,1454.8251953125,0.9482916593551636
77,525.69140625,195.45040893554688,233.61158752441406,918.1292724609375,1449.778076171875,0.9486376047134399
78,525.645751953125,207.44195556640625,243.6688232421875,911.5340576171875,1438.1246337890625,0.9490065574645996
79,516.4161987304688,203.341552734375,240.48849487304688,943.546875,1453.542236328125,0.947215735912323
80,513.364990234375,223.06512451171875,259.966064453125,968.8827514648438,1481.817138671875,0.9457983374595642
81,510.2315979003906,194.47909545898438,231.33795166015625,936.7978515625,1462.8448486328125,0.9475932717323303
82,498.708984375,213.60452270507812,250.4853973388672,904.9752197265625,1402.0146484375,0.9493734836578369
83,502.15447998046875,215.86074829101562,252.70840454101562,924.8477783203125,1436.7625732421875,0.9482617974281311
84,522.0021362304688,197.63046264648438,233.89939880371094,947.07568359375,1452.177001953125,0.9470183253288269
85,510.1199645996094,199.544677734375,236.07179260253906,949.350830078125,1463.0684814453125,0.9468910098075867
86,548.771240234375,210.4798583984375,246.59461975097656,898.7900390625,1410.010986328125,0.9497195482254028
87,506.2520446777344,218.77761840820312,255.319580078125,924.1736450195312,1453.451171875,0.9482995271682739
88,505.26593017578125,210.2554168701172,247.14764404296875,867.9856567382812,1365.404052734375,0.9514427781105042
89,503.986572265625,180.81710815429688,217.28514099121094,897.3327026367188,1403.5616455078125,0.9498010277748108
90,494.87396240234375,209.198974609375,245.74815368652344,937.6893920898438,1430.338134765625,0.9475433826446533
91,487.828125,177.73684692382812,212.9177703857422,914.3099365234375,1406.86181640625,0.9488512873649597
92,492.94488525390625,195.6508026123047,229.675537109375,925.604248046875,1404.55029296875,0.9482194781303406
93,494.47784423828125,191.07962036132812,226.44728088378906,917.2408447265625,1402.8724365234375,0.9486873149871826
94,506.2941589355469,206.56687927246094,242.760986328125,885.2745361328125,1372.78466796875,0.9504756331443787
95,486.082275390625,208.66583251953125,244.08612060546875,869.1630859375,1355.352294921875,0.9513769149780273
96,478.49298095703125,216.60604858398438,250.05929565429688,882.3568115234375,1386.549072265625,0.9506388306617737
97,480.5722961425781,171.2332305908203,206.77731323242188,859.5128173828125,1337.439697265625,0.9519167542457581
98,482.43829345703125,204.35263061523438,239.18814086914062,862.015625,1347.2060546875,0.9517767429351807
99,474.590087890625,176.15357971191406,211.35256958007812,878.7064208984375,1350.087890625,0.9508430361747742
100,467.30950927734375,189.06118774414062,222.49856567382812,865.0817260742188,1333.7841796875,0.9516052603721619
101,480.56719970703125,213.51095581054688,247.30609130859375,860.8043212890625,1339.991455078125,0.9518445134162903
102,465.5130615234375,203.03875732421875,236.54873657226562,844.830322265625,1321.260986328125,0.9527381658554077
103,465.68927001953125,189.62655639648438,223.14736938476562,844.5684814453125,1312.31591796875,0.9527528285980225
104,449.95733642578125,193.83853149414062,228.2049102783203,839.6956176757812,1297.4765625,0.9530254006385803
105,487.6676940917969,224.21051025390625,257.1529541015625,843.5323486328125,1312.72216796875,0.9528107643127441
106,468.5482177734375,197.7822265625,230.42816162109375,850.8416748046875,1312.520751953125,0.952401876449585
107,473.6930236816406,189.4881591796875,222.48834228515625,864.1477661132812,1327.1737060546875,0.9516574740409851
108,436.4627990722656,203.71182250976562,235.91912841796875,825.5064697265625,1270.002685546875,0.9538191556930542
109,465.0238037109375,183.3321533203125,215.69158935546875,833.2179565429688,1290.156494140625,0.9533877968788147
110,458.1114807128906,186.0303955078125,218.15573120117188,850.1472778320312,1298.389892578125,0.9524407386779785
111,460.59381103515625,207.39047241210938,240.43800354003906,912.6732177734375,1381.02001953125,0.9489428400993347
112,463.5960693359375,184.99024963378906,217.41940307617188,828.0626220703125,1278.912353515625,0.953676164150238
113,459.3409423828125,190.04270935058594,223.11326599121094,848.5411376953125,1313.2548828125,0.952530562877655
114,451.265869140625,182.08987426757812,214.29168701171875,862.9147338867188,1317.8665771484375,0.951726496219635
115,465.7836608886719,187.56138610839844,219.77822875976562,875.5018920898438,1340.7459716796875,0.9510223269462585
116,442.2548522949219,187.6600341796875,219.43116760253906,862.7177734375,1308.27294921875,0.9517374634742737
117,450.3328552246094,192.73260498046875,225.14718627929688,847.7857666015625,1297.791015625,0.9525728225708008
118,462.010498046875,229.67816162109375,263.6466064453125,857.6016845703125,1313.404296875,0.9520236849784851
119,445.3558349609375,175.19630432128906,207.46463012695312,844.893310546875,1292.57861328125,0.952734649181366
120,446.19281005859375,176.0550079345703,209.18698120117188,884.3096313476562,1339.826416015625,0.9505295753479004
121,438.6661376953125,201.97520446777344,233.79917907714844,848.1842651367188,1281.9622802734375,0.9525505304336548
122,427.6474609375,192.05380249023438,224.392333984375,835.1502685546875,1264.77392578125,0.9532796740531921
123,441.52703857421875,179.78607177734375,210.42474365234375,877.5173950195312,1325.073486328125,0.9509095549583435
124,435.858642578125,210.46421813964844,241.60960388183594,851.181884765625,1285.8216552734375,0.9523828029632568
125,435.1103820800781,198.14527893066406,229.02830505371094,844.4287109375,1285.3944091796875,0.952760636806488
126,434.7224426269531,187.65753173828125,218.44381713867188,830.3118896484375,1260.892578125,0.9535503387451172
127,432.370849609375,188.93016052246094,219.26205444335938,825.21923828125,1258.495361328125,0.9538352489471436
128,521.2987670898438,194.4423828125,227.5635986328125,838.8092041015625,1335.3658447265625,0.9530749917030334
129,480.1653137207031,210.05709838867188,243.75120544433594,828.6956787109375,1285.729248046875,0.9536407589912415
130,495.08624267578125,201.35389709472656,235.5831298828125,881.0521240234375,1350.29052734375,0.9507118463516235
131,483.2389221191406,183.9879150390625,217.3495330810547,840.7487182617188,1316.688720703125,0.9529665112495422
132,457.9849853515625,194.39776611328125,226.84091186523438,823.8071899414062,1283.483154296875,0.953914225101471
133,453.48974609375,194.70657348632812,227.28201293945312,843.410400390625,1316.1641845703125,0.9528175592422485
134,456.5199890136719,207.67437744140625,240.16366577148438,827.3997802734375,1291.78466796875,0.9537132382392883
135,467.90753173828125,193.60569763183594,225.68853759765625,868.7269287109375,1338.3770751953125,0.9514012932777405
136,455.3380432128906,171.8083953857422,204.10128784179688,861.353271484375,1317.5322265625,0.951813817024231
137,445.15338134765625,249.57278442382812,281.6773376464844,884.8565063476562,1328.2890625,0.9504989981651306
138,459.65399169921875,207.85963439941406,239.8297882080078,839.9613647460938,1293.7330322265625,0.9530105590820312
139,444.13165283203125,193.33279418945312,225.89488220214844,841.6851806640625,1298.1702880859375,0.9529141187667847
140,442.0392150878906,195.12152099609375,227.67359924316406,833.0987548828125,1270.9141845703125,0.9533944725990295
141,442.875,192.87184143066406,224.57766723632812,837.69140625,1274.2662353515625,0.9531375169754028
142,449.169677734375,196.2603759765625,228.07325744628906,856.3148193359375,1297.7679443359375,0.9520956873893738
143,431.2681579589844,200.78033447265625,232.09295654296875,824.3591918945312,1263.841552734375,0.9538833498954773
144,436.9767761230469,191.70474243164062,222.9148406982422,814.6178588867188,1245.4697265625,0.9544283151626587
145,442.0387878417969,200.98764038085938,232.5009307861328,825.98193359375,1279.0709228515625,0.9537925720214844
146,437.323486328125,196.62973022460938,228.1670684814453,830.217041015625,1267.332763671875,0.9535556435585022
147,443.8264465332031,197.23046875,228.84127807617188,882.3812255859375,1318.060791015625,0.9506374597549438
148,438.722412109375,189.82571411132812,220.74160766601562,838.792236328125,1280.701416015625,0.9530759453773499
149,438.28173828125,193.85108947753906,225.32275390625,842.593017578125,1276.7242431640625,0.952863335609436
150,435.68121337890625,182.95315551757812,213.83746337890625,831.94970703125,1265.480224609375,0.9534587264060974
151,436.9319763183594,191.5731964111328,222.23272705078125,811.1741943359375,1242.907470703125,0.9546209573745728
152,430.94439697265625,199.50611877441406,230.4222412109375,825.681884765625,1260.878173828125,0.953809380531311
153,443.1699523925781,176.57431030273438,207.83145141601562,855.4678955078125,1289.8475341796875,0.9521430730819702
154,428.57623291015625,183.8753662109375,214.46697998046875,832.0171508789062,1261.100830078125,0.9534549713134766
155,421.0580139160156,181.51268005371094,212.42074584960938,891.7255859375,1315.44970703125,0.9501147270202637
156,426.0722351074219,190.77517700195312,221.52476501464844,828.0664672851562,1252.577392578125,0.9536759853363037
157,426.4751892089844,195.898681640625,226.31057739257812,826.48046875,1252.3603515625,0.9537646770477295
158,433.30096435546875,179.759765625,210.75216674804688,811.3633422851562,1243.40625,0.9546103477478027
159,425.3894348144531,184.7179412841797,215.58102416992188,831.1982421875,1256.465576171875,0.9535007476806641
160,419.7799987792969,204.17124938964844,234.20367431640625,882.5267944335938,1301.515869140625,0.9506293535232544
161,424.32061767578125,193.34573364257812,223.76222229003906,845.952880859375,1272.379638671875,0.9526753425598145
162,430.83892822265625,184.70245361328125,215.33714294433594,842.1188354492188,1270.830810546875,0.9528898596763611
163,430.1444091796875,180.91807556152344,211.84033203125,837.5672607421875,1276.390625,0.9531444907188416
164,414.65484619140625,185.13316345214844,215.21212768554688,814.2540893554688,1230.69921875,0.9544486403465271
165,422.667236328125,197.3505096435547,227.56884765625,816.4923706054688,1242.859619140625,0.9543234705924988
166,420.4413146972656,181.02304077148438,210.95082092285156,807.9583740234375,1227.5013427734375,0.9548008441925049
167,411.42645263671875,202.98098754882812,233.60693359375,821.8444213867188,1239.4326171875,0.9540240168571472
168,423.27337646484375,197.75732421875,227.65675354003906,807.78564453125,1229.756591796875,0.9548105001449585
169,419.4922790527344,197.62741088867188,226.8842010498047,806.6446533203125,1227.110595703125,0.9548743367195129
170,412.28863525390625,187.4038543701172,217.18588256835938,804.1824340820312,1215.891845703125,0.9550120830535889
171,419.8958740234375,183.44732666015625,212.43003845214844,851.1185302734375,1267.8349609375,0.9523863792419434
172,415.3971862792969,181.84963989257812,211.23683166503906,809.455078125,1227.634521484375,0.9547171592712402
173,416.2545471191406,193.6422119140625,222.69789123535156,869.1682739257812,1286.8194580078125,0.9513766169548035
174,414.23492431640625,181.27545166015625,210.38674926757812,812.816650390625,1225.6737060546875,0.9545290470123291
175,409.4051208496094,181.24606323242188,210.4987335205078,823.224853515625,1233.2623291015625,0.9539468288421631
176,416.0689697265625,188.95538330078125,218.43753051757812,807.026611328125,1221.904541015625,0.9548529982566833
177,409.1125183105469,193.63131713867188,223.1676025390625,838.4810180664062,1248.77392578125,0.9530933499336243
178,406.32196044921875,184.46640014648438,214.74253845214844,808.7310791015625,1216.2469482421875,0.9547576308250427
179,406.14129638671875,164.40982055664062,193.5333251953125,908.1405029296875,1313.84814453125,0.949196457862854
180,408.065185546875,185.77723693847656,214.6876678466797,894.7836303710938,1304.5067138671875,0.9499436616897583
181,410.18072509765625,193.12843322753906,222.17388916015625,893.4671630859375,1305.8687744140625,0.9500172734260559
182,401.9638366699219,188.50228881835938,217.0190887451172,811.9019775390625,1208.118408203125,0.9545802474021912
183,412.0943298339844,170.7178497314453,199.71656799316406,881.9935302734375,1291.7071533203125,0.9506591558456421
184,402.39678955078125,222.31570434570312,251.2804718017578,835.34423828125,1243.905029296875,0.953268826007843
185,399.00469970703125,202.56314086914062,231.57369995117188,880.8585205078125,1282.567138671875,0.9507226347923279
186,402.94757080078125,207.22055053710938,235.99224853515625,924.6259155273438,1326.145263671875,0.9482741951942444
187,399.38226318359375,181.7265625,209.71963500976562,881.2911376953125,1277.997802734375,0.9506984353065491
188,396.38714599609375,178.7440948486328,207.33155822753906,825.6952514648438,1223.6356201171875,0.953808605670929
189,398.66259765625,201.59014892578125,230.23838806152344,840.6746826171875,1237.631103515625,0.9529706239700317
190,406.39703369140625,187.2371826171875,215.87716674804688,813.9793701171875,1219.53515625,0.9544640183448792
191,397.189453125,196.2065887451172,225.26974487304688,815.557861328125,1211.873779296875,0.9543757438659668
192,402.70709228515625,189.18289184570312,217.10791015625,801.3179321289062,1203.52392578125,0.9551723599433899
193,400.55206298828125,194.78024291992188,223.9357452392578,808.46630859375,1211.7032470703125,0.9547724723815918
194,404.08197021484375,181.07327270507812,209.82254028320312,822.8023681640625,1232.9591064453125,0.9539704322814941
195,413.1602783203125,184.11114501953125,214.86061096191406,838.5308837890625,1254.364501953125,0.9530905485153198
196,423.306884765625,190.80120849609375,219.4017333984375,818.904052734375,1229.242919921875,0.9541885256767273
197,397.76715087890625,188.55966186523438,217.11932373046875,806.1109619140625,1204.373291015625,0.9549041986465454
198,406.2406005859375,175.3624725341797,203.85769653320312,838.2037963867188,1237.581298828125,0.9531088471412659
199,402.3874816894531,213.92373657226562,242.8221893310547,841.988525390625,1258.6484375,0.9528971314430237
200,405.40093994140625,182.53823852539062,211.345703125,806.591064453125,1216.6826171875,0.9548773765563965
201,404.320068359375,192.19625854492188,220.84075927734375,815.0362548828125,1216.8004150390625,0.954404890537262
202,407.2846374511719,171.7685089111328,200.99349975585938,809.2808837890625,1211.178466796875,0.9547268748283386
203,399.7042236328125,193.08139038085938,221.26002502441406,797.46044921875,1195.36767578125,0.9553881287574768
204,396.64764404296875,193.34176635742188,221.9541015625,834.9066162109375,1233.984130859375,0.9532933235168457
205,393.259521484375,179.28457641601562,207.68707275390625,808.5919189453125,1199.8800048828125,0.9547654390335083
206,408.0181579589844,177.29742431640625,205.9419708251953,989.7323608398438,1396.1971435546875,0.9446319937705994
207,400.27923583984375,191.07037353515625,220.08413696289062,829.353759765625,1227.28076171875,0.9536039233207703
208,393.2926025390625,171.35348510742188,199.41883850097656,834.60595703125,1231.038818359375,0.9533101320266724
209,393.07037353515625,182.56729125976562,210.7074737548828,821.086669921875,1213.502685546875,0.9540664553642273
210,392.8695068359375,189.73184204101562,217.51089477539062,814.0733032226562,1208.8870849609375,0.9544587731361389
211,396.7409973144531,183.82667541503906,211.6724853515625,828.4993896484375,1223.619384765625,0.9536517262458801
212,391.9251403808594,178.70111083984375,206.77304077148438,809.2041625976562,1200.520263671875,0.9547311663627625
213,383.02288818359375,178.20782470703125,205.67027282714844,826.5010986328125,1208.26416015625,0.9537635445594788
214,390.1448059082031,196.7541961669922,224.17347717285156,921.9222412109375,1312.333740234375,0.9484254717826843
215,384.750732421875,195.15335083007812,222.31324768066406,856.83056640625,1239.66455078125,0.9520668387413025
216,388.04443359375,173.6146240234375,201.81504821777344,815.5919189453125,1203.838134765625,0.954373836517334
217,389.8124084472656,193.9999542236328,221.5926971435547,807.4144287109375,1193.6337890625,0.9548313021659851
218,390.0462646484375,200.9833526611328,228.1224365234375,841.0709228515625,1224.8602294921875,0.9529484510421753
219,392.323974609375,183.39187622070312,211.55743408203125,907.120361328125,1303.001953125,0.949253499507904
220,378.39483642578125,176.43667602539062,203.5750732421875,817.498779296875,1196.0828857421875,0.954267144203186
221,376.7593994140625,188.06283569335938,215.15130615234375,830.6656494140625,1208.02197265625,0.9535305500030518
222,387.8787536621094,159.15805053710938,186.56179809570312,822.9495849609375,1209.488037109375,0.9539622068405151
223,379.6279296875,181.60414123535156,208.82315063476562,848.64306640625,1221.483154296875,0.9525248408317566
224,369.805419921875,195.2612762451172,221.89462280273438,816.8253173828125,1185.0648193359375,0.9543048143386841
225,376.9109802246094,201.357177734375,227.71421813964844,872.9383544921875,1250.9140625,0.9511657357215881
226,366.7760009765625,181.83526611328125,208.16372680664062,804.9818115234375,1171.724853515625,0.9549673795700073
227,371.2993469238281,178.3916778564453,204.86355590820312,805.66552734375,1177.3131103515625,0.9549291133880615
228,377.15423583984375,189.81692504882812,216.33599853515625,811.4196166992188,1187.389892578125,0.9546072483062744
229,376.82244873046875,190.9794921875,217.84735107421875,806.2883911132812,1181.1949462890625,0.9548943042755127
230,381.97467041015625,203.92469787597656,230.2783660888672,812.2587280273438,1189.854736328125,0.9545602798461914
231,377.634033203125,184.9420166015625,211.57666015625,873.9596557617188,1245.258544921875,0.9511085748672485
232,374.3226623535156,195.8943328857422,222.77560424804688,877.5150146484375,1255.8248291015625,0.9509096741676331
233,379.6309509277344,191.7498779296875,218.25283813476562,811.40234375,1190.839599609375,0.9546082019805908
234,367.0863037109375,186.15740966796875,212.63284301757812,812.7806396484375,1185.5888671875,0.9545310735702515
235,373.7081604003906,180.72398376464844,206.85073852539062,825.0772094726562,1197.037841796875,0.9538431763648987
236,375.167236328125,182.14498901367188,208.71041870117188,807.3843994140625,1184.368896484375,0.9548329710960388
237,366.5358581542969,205.97897338867188,232.1885223388672,807.0606689453125,1172.857666015625,0.9548510909080505
238,369.17095947265625,177.002685546875,203.39913940429688,802.6102294921875,1170.92919921875,0.9551000595092773
239,362.61480712890625,208.02479553222656,234.4326171875,880.5958251953125,1245.218017578125,0.9507373571395874
240,374.9971923828125,176.0402069091797,202.50759887695312,830.7755126953125,1209.07470703125,0.9535244107246399
241,371.5797119140625,186.21710205078125,213.0883026123047,827.292724609375,1201.39794921875,0.9537192583084106
242,371.0054016113281,176.4968719482422,203.23098754882812,819.2252197265625,1186.90966796875,0.9541705846786499
243,368.3987731933594,184.83694458007812,212.18434143066406,796.2425537109375,1163.8671875,0.9554562568664551
244,369.5910949707031,204.82089233398438,231.14230346679688,798.0546875,1163.7384033203125,0.9553548693656921
245,369.079345703125,189.09530639648438,214.81146240234375,817.981689453125,1186.156982421875,0.9542401432991028
246,369.53228759765625,186.34039306640625,212.84947204589844,808.851318359375,1172.67138671875,0.9547508955001831
247,365.230712890625,195.86915588378906,222.1025390625,858.7808227539062,1226.685546875,0.9519577026367188
248,358.075927734375,179.10104370117188,204.985595703125,811.354248046875,1167.433349609375,0.9546108841896057
249,366.25689697265625,182.25177001953125,207.87875366210938,827.2205810546875,1191.9580078125,0.9537233114242554
250,361.82318115234375,177.98898315429688,203.83526611328125,817.017578125,1176.424072265625,0.9542940855026245
251,351.6690673828125,192.66734313964844,218.38839721679688,852.0184326171875,1203.77099609375,0.9523360133171082
252,361.96527099609375,178.76869201660156,204.45335388183594,1022.4105834960938,1383.16552734375,0.9428038597106934
253,349.8665771484375,182.8461151123047,208.48394775390625,842.001220703125,1193.2398681640625,0.9528964161872864
254,355.0779113769531,190.26373291015625,216.37496948242188,833.6539306640625,1194.4625244140625,0.9533634185791016
255,360.96380615234375,169.75706481933594,195.34634399414062,812.4305419921875,1173.629638671875,0.9545506834983826
256,357.82611083984375,208.6251220703125,234.11192321777344,805.25537109375,1161.779052734375,0.9549520611763
257,356.61932373046875,189.55581665039062,215.07806396484375,868.39111328125,1229.8555908203125,0.9514201283454895
258,351.77935791015625,201.85659790039062,227.47377014160156,799.4495239257812,1151.40869140625,0.9552768468856812
259,357.5609130859375,177.1837921142578,203.04234313964844,803.9315795898438,1166.2333984375,0.9550261497497559
260,354.92828369140625,188.81459045410156,214.168701171875,829.947998046875,1181.398681640625,0.9535707235336304
261,357.4511413574219,212.7843780517578,237.76620483398438,812.5778198242188,1174.7520751953125,0.9545424580574036
262,350.80206298828125,180.49658203125,205.30633544921875,833.1211547851562,1185.1995849609375,0.9533932209014893
263,358.73516845703125,188.92312622070312,213.5562744140625,903.415771484375,1258.9296875,0.9494607448577881
264,351.59185791015625,183.17117309570312,208.3800048828125,832.7840576171875,1184.89306640625,0.9534120559692383
265,356.56500244140625,212.81961059570312,237.5418243408203,816.90283203125,1174.1370849609375,0.9543004631996155
266,354.8921203613281,202.27992248535156,228.39739990234375,869.276123046875,1223.9776611328125,0.9513705968856812
267,364.5809326171875,197.07064819335938,223.1141357421875,912.5152587890625,1274.976806640625,0.9489517211914062
268,348.6630859375,191.0677947998047,216.71380615234375,824.1390991210938,1172.814697265625,0.9538956880569458
269,352.6032409667969,181.2349395751953,206.30506896972656,813.8628540039062,1167.84765625,0.9544705748558044
270,350.94281005859375,200.18167114257812,225.47442626953125,797.7183837890625,1148.111083984375,0.9553737044334412
271,347.6116943359375,196.89625549316406,221.81614685058594,813.4019775390625,1160.908203125,0.9544963240623474
272,347.87615966796875,181.67613220214844,206.5945281982422,851.9166259765625,1206.1689453125,0.9523417353630066
273,348.3103332519531,205.55685424804688,230.6138458251953,804.2843017578125,1154.959716796875,0.9550064206123352
274,348.02239990234375,197.4026336669922,221.48826599121094,824.1497802734375,1179.466064453125,0.953895092010498
275,354.7196960449219,194.30809020996094,219.86093139648438,811.127685546875,1165.1014404296875,0.9546235799789429
276,345.32861328125,196.39523315429688,220.75218200683594,814.9864501953125,1159.042236328125,0.9544076919555664
277,345.408447265625,193.51951599121094,218.92861938476562,821.427734375,1165.853759765625,0.9540473222732544
278,342.5019226074219,170.42686462402344,195.74517822265625,808.5160522460938,1149.51318359375,0.9547696709632874
279,345.243408203125,179.39532470703125,204.12094116210938,822.8779296875,1170.213134765625,0.9539662003517151
280,348.117919921875,193.51156616210938,218.16543579101562,859.836669921875,1208.060791015625,0.9518986940383911
281,350.4522705078125,199.30308532714844,224.3974151611328,825.1378784179688,1172.8533935546875,0.9538397789001465
282,343.77288818359375,181.3126983642578,206.65423583984375,822.4257202148438,1165.6220703125,0.9539915323257446
283,358.04443359375,179.76095581054688,204.69769287109375,834.3683471679688,1194.20556640625,0.9533234238624573
284,353.9866943359375,198.10870361328125,223.41891479492188,846.2073974609375,1198.6470947265625,0.9526610970497131
285,356.4520263671875,196.18951416015625,221.60267639160156,800.3423461914062,1632.63330078125,0.9552268981933594
286,360.8751525878906,194.72219848632812,220.77346801757812,801.112548828125,1167.458251953125,0.9551838636398315
287,365.09954833984375,181.04327392578125,206.82748413085938,803.6453247070312,1189.0203857421875,0.9550421237945557
288,363.283935546875,181.8253173828125,206.93760681152344,832.5292358398438,1192.4754638671875,0.9534263014793396
289,357.8595275878906,198.6241455078125,224.57179260253906,995.774169921875,1356.95361328125,0.9442939758300781
290,352.9136047363281,205.80780029296875,231.64126586914062,850.0689697265625,1209.625732421875,0.9524450898170471
291,356.3023681640625,195.42173767089844,221.31668090820312,862.6057739257812,1210.0869140625,0.9517437219619751
292,354.7528076171875,180.73826599121094,206.37176513671875,837.754638671875,1199.236572265625,0.9531340003013611
293,366.1433410644531,199.0746612548828,224.66195678710938,846.0294189453125,1205.126708984375,0.9526710510253906
294,363.642822265625,158.09230041503906,184.23587036132812,814.966064453125,1173.7733154296875,0.9544088244438171
295,368.2298278808594,198.34552001953125,223.97750854492188,822.8077392578125,1181.1689453125,0.9539701342582703
296,375.12054443359375,177.51504516601562,204.12188720703125,816.3299560546875,1189.098876953125,0.9543325304985046
297,383.43402099609375,201.14324951171875,228.03857421875,806.4105224609375,1186.0302734375,0.9548874497413635
298,368.7445068359375,178.1839599609375,205.25563049316406,815.0314331054688,1186.962158203125,0.9544051885604858
299,374.8065185546875,191.44065856933594,217.69837951660156,871.8355712890625,1267.2486572265625,0.9512274265289307
300,371.82464599609375,182.38519287109375,209.2769317626953,822.3389892578125,1204.178955078125,0.9539963603019714
301,363.30047607421875,190.11798095703125,217.06393432617188,837.6220703125,1207.083251953125,0.9531413912773132
302,366.61126708984375,191.94375610351562,219.182861328125,797.281494140625,1163.4832763671875,0.9553981423377991
303,369.71624755859375,191.61622619628906,217.58883666992188,855.4185791015625,1222.103515625,0.9521458148956299
304,368.7659912109375,197.51889038085938,222.97601318359375,888.5938110351562,1256.1103515625,0.9502899050712585
305,362.7644958496094,183.60647583007812,209.33966064453125,839.908447265625,1204.2940673828125,0.9530134797096252
306,359.9789123535156,178.71868896484375,204.15216064453125,809.286376953125,1177.28076171875,0.9547265768051147
307,354.2703552246094,192.91204833984375,218.82618713378906,798.0494384765625,1150.1046142578125,0.955355167388916
308,354.0538330078125,210.90646362304688,236.20887756347656,817.6903076171875,1171.6805419921875,0.9542564153671265
309,364.912841796875,187.7913818359375,213.17230224609375,842.6455078125,1201.5516357421875,0.9528603553771973
310,366.20062255859375,182.17800903320312,207.46804809570312,870.6935424804688,1237.090087890625,0.9512913227081299
311,356.5875244140625,174.30706787109375,200.69081115722656,799.67578125,1160.156982421875,0.9552642107009888
312,356.8899230957031,184.65420532226562,210.0977325439453,800.29638671875,1155.482666015625,0.9552295207977295
313,351.2323913574219,184.02618408203125,208.9622344970703,821.630126953125,1172.4208984375,0.9540360569953918
314,359.510009765625,184.38902282714844,209.33773803710938,809.9498291015625,1167.2762451171875,0.9546894431114197
315,358.1610412597656,187.25096130371094,212.3410186767578,810.0607299804688,1162.57470703125,0.954683244228363
316,352.5201110839844,183.13230895996094,208.22007751464844,798.487548828125,1149.9371337890625,0.9553306698799133
317,349.79058837890625,186.47763061523438,211.624267578125,829.712158203125,1186.6148681640625,0.9535838961601257
318,342.8275146484375,170.30352783203125,195.19967651367188,851.0701904296875,1193.361328125,0.9523890614509583
319,361.351806640625,186.61605834960938,211.371337890625,816.307373046875,1176.1083984375,0.9543337821960449
320,350.55670166015625,179.28640747070312,204.40826416015625,806.212890625,1158.86279296875,0.954898476600647
321,358.71881103515625,177.7866973876953,202.9670867919922,835.007568359375,1193.4119873046875,0.953287661075592
322,370.3532409667969,195.73117065429688,221.73483276367188,811.6340942382812,1164.884033203125,0.9545952081680298
323,349.0395202636719,177.27243041992188,202.5375213623047,832.1907958984375,1179.87353515625,0.9534452557563782
324,357.05340576171875,189.1337127685547,215.12701416015625,867.768310546875,1226.15234375,0.9514549374580383
325,349.50604248046875,178.0731658935547,202.76486206054688,818.8580322265625,1171.3836669921875,0.9541910886764526
326,346.5728759765625,202.58941650390625,227.73414611816406,801.9999389648438,1146.8394775390625,0.9551342129707336
327,352.2554016113281,174.809326171875,199.66390991210938,802.6168212890625,1153.6800537109375,0.9550997018814087
328,358.54827880859375,188.07058715820312,213.41683959960938,828.0784912109375,1183.4891357421875,0.9536752700805664
329,354.2044677734375,194.35272216796875,219.83029174804688,853.6114501953125,1203.518798828125,0.952246904373169
330,348.4117431640625,179.2073516845703,203.87452697753906,811.755615234375,1163.945068359375,0.9545884132385254
331,349.0445556640625,183.2603759765625,209.127197265625,836.8858642578125,1192.8702392578125,0.953182578086853
332,352.67437744140625,193.52484130859375,219.12924194335938,829.02685546875,1184.11865234375,0.9536222219467163
333,357.02349853515625,187.0885009765625,212.49896240234375,891.13525390625,1247.5125732421875,0.9501477479934692
334,355.6853332519531,181.0653533935547,206.01004028320312,802.3163452148438,1152.8427734375,0.9551165103912354
335,351.927734375,194.6941375732422,220.09954833984375,866.642578125,1219.7313232421875,0.9515179395675659
336,354.80810546875,196.83004760742188,222.77523803710938,918.1875,1266.364013671875,0.9486343860626221
337,348.4512634277344,182.79701232910156,207.87159729003906,821.7426147460938,1163.845947265625,0.9540297389030457
338,349.49652099609375,183.43727111816406,209.04928588867188,851.0697021484375,1210.22412109375,0.952389121055603
339,341.71484375,184.58663940429688,210.22216796875,817.2000732421875,1162.3548583984375,0.9542838335037231
340,355.040283203125,194.19589233398438,219.74447631835938,822.4442138671875,1182.49951171875,0.9539904594421387
341,350.93792724609375,182.0035400390625,206.61209106445312,809.3443603515625,1154.558837890625,0.9547232985496521
342,356.46514892578125,203.566162109375,229.07447814941406,819.5741577148438,1168.507568359375,0.9541510343551636
343,343.8546447753906,160.78115844726562,186.7154083251953,795.472412109375,1143.96533203125,0.9554993510246277
344,354.3929138183594,211.27610778808594,236.9104766845703,865.3125,1219.47314453125,0.9515923261642456
345,357.01739501953125,183.69908142089844,208.97055053710938,817.2996826171875,1161.97216796875,0.954278290271759
346,351.47540283203125,175.3851318359375,200.41104125976562,815.93310546875,1168.1629638671875,0.9543547630310059
347,359.7806396484375,183.84095764160156,209.61700439453125,796.868408203125,1157.92919921875,0.9554212689399719
348,356.4141845703125,194.516845703125,219.6569366455078,816.604248046875,1172.7520751953125,0.9543172121047974
349,352.1309814453125,184.677978515625,209.854248046875,857.6903076171875,1208.755859375,0.9520187377929688
350,353.8977355957031,173.147705078125,198.64427185058594,840.1578369140625,1189.79931640625,0.9529995322227478
351,345.0993957519531,187.22512817382812,212.56642150878906,807.2327270507812,1159.9732666015625,0.9548414349555969
352,349.652099609375,186.70599365234375,211.27554321289062,811.0521240234375,1158.71533203125,0.9546278119087219
353,354.5165710449219,188.08078002929688,213.24371337890625,830.4121704101562,1186.897216796875,0.9535447359085083
354,349.0392761230469,193.2464599609375,218.5474090576172,815.2758178710938,1163.9755859375,0.9543914794921875
355,350.47589111328125,192.28289794921875,217.4981231689453,815.107666015625,1167.550048828125,0.954400897026062
356,350.6007080078125,186.9116668701172,211.93756103515625,800.3475341796875,1149.0537109375,0.9552266597747803
357,346.0393371582031,195.77694702148438,220.4942626953125,802.1837158203125,1146.6920166015625,0.9551239013671875
358,346.3807067871094,180.08726501464844,204.67550659179688,850.72314453125,1199.077880859375,0.952408492565155
359,361.887939453125,197.5418701171875,222.80621337890625,813.8223266601562,1172.694091796875,0.9544728398323059
360,348.2687072753906,201.22640991210938,226.51934814453125,812.5741577148438,1179.499755859375,0.9545426368713379
361,352.50726318359375,182.53759765625,207.2698211669922,811.9422607421875,1160.234375,0.9545779824256897
362,344.6935729980469,191.345947265625,216.47415161132812,843.0533447265625,1189.01513671875,0.9528375864028931
363,350.37493896484375,179.55152893066406,203.9092559814453,878.1851806640625,1255.120849609375,0.9508721828460693
364,352.495849609375,170.9970703125,196.48143005371094,841.7468872070312,1187.8492431640625,0.9529106616973877
365,353.1303405761719,195.8596954345703,220.45578002929688,865.8543701171875,1218.0394287109375,0.9515620470046997
366,347.37896728515625,201.27438354492188,225.9609375,825.9542236328125,1181.05517578125,0.9537941217422485
367,342.7304382324219,198.33395385742188,222.9119415283203,868.1119384765625,1216.1632080078125,0.9514357447624207
368,340.8090515136719,183.84683227539062,208.74664306640625,852.0220947265625,1200.287109375,0.9523358345031738
369,349.0075378417969,203.1705780029297,227.9288787841797,845.402587890625,1192.3065185546875,0.9527061581611633
370,336.264404296875,188.49026489257812,212.42713928222656,810.8306884765625,1142.0306396484375,0.9546401500701904
371,345.6302185058594,189.9622802734375,214.7559356689453,880.1549682617188,1230.0548095703125,0.9507620334625244
372,327.09649658203125,203.16412353515625,227.7890625,801.568115234375,1126.839599609375,0.9551583528518677
373,348.2098693847656,175.7977752685547,200.4480743408203,826.9142456054688,1174.840576171875,0.9537404179573059
374,330.738525390625,183.73072814941406,208.1620330810547,844.1394653320312,1173.6610107421875,0.9527767896652222
375,337.82159423828125,184.30307006835938,208.02574157714844,888.490234375,1225.4051513671875,0.9502956867218018
376,337.3665771484375,187.14309692382812,211.74005126953125,845.3810424804688,1185.3502197265625,0.9527073502540588
377,340.3857727050781,197.94912719726562,221.98817443847656,813.4044189453125,1158.281005859375,0.9544962048530579
378,340.0485534667969,209.94869995117188,233.94833374023438,825.7918701171875,1164.20703125,0.9538031816482544
379,336.8456726074219,193.79266357421875,218.10223388671875,801.7919921875,1141.810302734375,0.9551458358764648
380,342.9290466308594,183.78338623046875,207.66920471191406,809.98291015625,1157.14794921875,0.9546875953674316
381,348.49163818359375,164.0072021484375,189.01828002929688,884.3131713867188,1238.22021484375,0.9505293965339661
382,338.64788818359375,178.46322631835938,202.39730834960938,813.2232666015625,1147.034912109375,0.9545063376426697
383,334.97222900390625,189.45388793945312,213.39100646972656,883.532958984375,1217.3045654296875,0.9505730271339417
384,330.2161865234375,183.73065185546875,207.7908477783203,826.1654052734375,1153.096435546875,0.953782320022583
385,334.9054260253906,196.77316284179688,220.84556579589844,812.4219970703125,1142.8983154296875,0.9545511603355408
386,332.5389404296875,169.525390625,194.1624755859375,817.4013671875,1153.07763671875,0.9542726278305054
387,341.76397705078125,190.32025146484375,214.72354125976562,813.1153564453125,1150.5025634765625,0.954512357711792
388,343.76171875,188.5631866455078,212.48489379882812,813.182861328125,1164.0830078125,0.9545086026191711
389,335.03631591796875,196.6418914794922,220.2298583984375,821.8810424804688,1164.1917724609375,0.9540219902992249
390,337.35125732421875,176.69784545898438,200.60324096679688,806.5980224609375,1145.180908203125,0.9548769593238831
391,335.6952819824219,179.83929443359375,203.45826721191406,814.3755493164062,1148.2176513671875,0.9544418454170227
392,339.24969482421875,177.2230987548828,200.5590057373047,835.1005859375,1175.3876953125,0.9532824754714966
393,335.822998046875,198.80877685546875,222.53271484375,841.99658203125,1177.086669921875,0.9528966546058655
394,338.4102783203125,192.09976196289062,216.45846557617188,821.16259765625,1158.3214111328125,0.9540621638298035
395,333.8919982910156,176.12149047851562,199.28562927246094,812.5982666015625,1149.8319091796875,0.9545412659645081
396,331.607666015625,173.20941162109375,197.41159057617188,835.3178100585938,1167.6160888671875,0.9532703161239624
397,343.30615234375,187.66461181640625,211.41891479492188,820.138916015625,1162.92138671875,0.9541194438934326
398,344.1155700683594,185.4539794921875,209.89675903320312,872.9998779296875,1217.646484375,0.9511622786521912
399,346.0938415527344,187.80410766601562,211.95777893066406,856.9960327148438,1204.484619140625,0.9520576000213623
400,340.21734619140625,176.84103393554688,200.86459350585938,814.8255615234375,1150.7015380859375,0.9544166922569275
401,329.2947998046875,201.3737335205078,225.17788696289062,824.5040283203125,1157.170166015625,0.9538752436637878
402,328.0179748535156,193.95401000976562,217.6622314453125,844.864990234375,1174.8358154296875,0.9527361989021301
403,343.44329833984375,190.2187042236328,213.79489135742188,802.9063110351562,1135.611328125,0.9550834894180298
404,337.0701904296875,192.05789184570312,215.86578369140625,802.21875,1145.7662353515625,0.9551219344139099
405,337.9401550292969,184.76174926757812,208.76132202148438,796.9044189453125,1130.722412109375,0.9554192423820496
406,333.40423583984375,182.5975799560547,206.13888549804688,798.6641845703125,1133.309814453125,0.9553207755088806
407,333.7647705078125,197.705810546875,221.14503479003906,866.6931762695312,1199.5223388671875,0.9515150785446167
408,330.53570556640625,202.75735473632812,226.2353973388672,842.7235107421875,1255.4163818359375,0.9528560042381287
409,334.7667236328125,159.89120483398438,183.98851013183594,801.7642822265625,1137.4075927734375,0.955147385597229
410,338.496337890625,182.60025024414062,206.3653106689453,803.7200317382812,1145.3128662109375,0.9550379514694214
411,335.446044921875,182.3358612060547,206.67816162109375,813.5521850585938,1146.3267822265625,0.9544879198074341
412,335.025390625,193.4991912841797,217.51466369628906,811.9902954101562,1148.091552734375,0.9545753002166748
413,325.82965087890625,162.50628662109375,186.22320556640625,811.9134521484375,1141.58251953125,0.9545795917510986
414,333.90338134765625,187.89743041992188,211.5106964111328,797.2255859375,1131.9273681640625,0.9554013013839722
415,322.868408203125,181.87237548828125,205.01153564453125,834.198974609375,1170.7098388671875,0.9533329010009766
416,322.84521484375,181.81199645996094,206.3297119140625,843.546875,1179.0479736328125,0.9528099298477173
417,325.7459716796875,188.46018981933594,210.9999542236328,844.7824096679688,1175.34912109375,0.9527408480644226
418,328.6326904296875,188.74612426757812,212.14019775390625,808.41162109375,1137.5987548828125,0.9547755122184753
419,332.1195983886719,180.24627685546875,203.1824951171875,808.5479125976562,1137.753173828125,0.9547678828239441
420,331.70086669921875,191.3642120361328,214.59877014160156,840.8093872070312,1173.552490234375,0.95296311378479
421,329.6585388183594,184.99774169921875,208.55050659179688,834.6674194335938,1162.63623046875,0.9533066749572754
422,319.1984558105469,197.314697265625,220.80955505371094,895.0225219726562,1221.570068359375,0.9499303102493286
423,314.1776428222656,190.75936889648438,214.11265563964844,804.0615234375,1124.999755859375,0.9550188779830933
424,324.24481201171875,195.84674072265625,220.65228271484375,823.4522705078125,1142.1083984375,0.9539340734481812
425,319.427490234375,203.72598266601562,226.29742431640625,809.4954833984375,1125.9124755859375,0.9547148942947388
426,319.9812927246094,177.49716186523438,200.7261199951172,795.17578125,1114.824462890625,0.95551598072052
427,318.47802734375,182.7089385986328,205.53237915039062,814.8302001953125,1128.3017578125,0.9544164538383484
428,319.9474792480469,186.97914123535156,209.62644958496094,809.1560668945312,1131.080078125,0.9547338485717773
429,309.1949462890625,180.56741333007812,203.20449829101562,817.5490112304688,1129.241455078125,0.9542643427848816
430,320.3019104003906,191.91348266601562,214.31552124023438,844.83447265625,1164.8084716796875,0.9527379274368286
431,322.2726135253906,186.96412658691406,209.3572998046875,909.9107666015625,1226.233154296875,0.9490973949432373
432,308.9825744628906,178.06163024902344,200.82460021972656,829.2539672851562,1140.312744140625,0.9536095261573792
433,312.6334228515625,207.06875610351562,230.5041961669922,816.7384643554688,1125.478759765625,0.9543097019195557
434,324.3841552734375,183.2229766845703,205.9555206298828,837.3187866210938,1159.7952880859375,0.9531583786010742
435,312.7660827636719,192.2483673095703,214.6180877685547,815.6646118164062,1124.539306640625,0.9543697834014893
436,313.92724609375,182.212646484375,204.42550659179688,801.0113525390625,1114.449462890625,0.9551894664764404
437,305.3717956542969,201.38768005371094,223.46725463867188,802.46484375,1115.030517578125,0.9551081657409668
438,317.41827392578125,184.495849609375,207.4328155517578,797.49169921875,1109.05859375,0.9553864002227783
439,322.36566162109375,189.86181640625,212.76785278320312,829.378662109375,1151.21826171875,0.9536025524139404
440,299.85955810546875,192.15106201171875,214.1158905029297,834.4434814453125,1144.1954345703125,0.9533191919326782
441,306.0627746582031,172.01565551757812,194.75291442871094,806.3267822265625,1117.638671875,0.9548921585083008
442,304.0752258300781,187.05230712890625,209.60171508789062,844.6888427734375,1150.417724609375,0.9527460932731628
443,313.3230285644531,187.47775268554688,209.83059692382812,820.7158203125,1131.015869140625,0.9540871977806091
444,318.384521484375,181.5474853515625,203.9110565185547,820.4351806640625,1137.3271484375,0.9541028738021851
445,307.741455078125,191.13858032226562,213.76243591308594,802.7774658203125,1114.680908203125,0.9550907015800476
446,311.27508544921875,174.25527954101562,196.24420166015625,813.3223876953125,1133.3944091796875,0.9545007944107056
447,307.2340393066406,195.61416625976562,217.15118408203125,807.1944580078125,1113.579345703125,0.9548435807228088
448,316.4504699707031,180.07412719726562,203.22616577148438,812.7638549804688,1128.313232421875,0.9545320272445679
449,312.886962890625,191.11346435546875,213.7179412841797,804.9205322265625,1113.782470703125,0.9549707770347595
450,311.6781921386719,196.9354705810547,219.63319396972656,855.052001953125,1163.672119140625,0.9521663188934326
451,320.067138671875,198.0955047607422,220.67623901367188,802.271728515625,1117.457763671875,0.9551190137863159
452,310.95074462890625,184.08807373046875,207.17135620117188,813.4205932617188,1124.53076171875,0.9544953107833862
453,308.70391845703125,189.90585327148438,211.70639038085938,850.9519653320312,1160.7188720703125,0.9523956775665283
454,311.284423828125,188.3083038330078,210.46849060058594,836.4103393554688,1149.6640625,0.9532091617584229
455,302.74237060546875,180.62918090820312,202.19544982910156,925.356689453125,1229.6693115234375,0.9482333064079285
456,306.9059753417969,204.06573486328125,225.85264587402344,879.603271484375,1183.7178955078125,0.9507928490638733
457,307.58892822265625,194.45623779296875,216.80731201171875,834.7428588867188,1147.353759765625,0.9533025026321411
458,308.2450866699219,187.38221740722656,209.70791625976562,803.0260009765625,1121.1800537109375,0.9550768136978149
459,304.3091735839844,181.36111450195312,203.39016723632812,797.4176025390625,1103.6109619140625,0.9553905129432678
460,313.2845458984375,192.55239868164062,215.42926025390625,825.468505859375,1132.0826416015625,0.9538213014602661
461,308.20989990234375,184.9632568359375,207.13021850585938,847.7606811523438,1154.8443603515625,0.9525742530822754
462,319.7763671875,183.41680908203125,206.30389404296875,950.4356689453125,1273.2769775390625,0.9468303322792053
463,308.4233703613281,213.58837890625,235.68820190429688,922.2623901367188,1228.3974609375,0.9484063982963562
464,318.269775390625,214.3011016845703,236.82752990722656,1000.4285278320312,1312.58251953125,0.9440336227416992
465,307.53839111328125,195.6207275390625,218.02151489257812,978.5053100585938,1288.09326171875,0.9452600479125977
466,305.9300537109375,211.07733154296875,233.73533630371094,862.1612548828125,1169.791748046875,0.9517686367034912
467,312.96453857421875,160.3568878173828,182.889404296875,823.8973999023438,1144.430908203125,0.9539092183113098
468,306.2601318359375,181.07992553710938,203.12136840820312,796.638916015625,1100.30615234375,0.9554340839385986
469,310.5343017578125,187.90475463867188,210.35926818847656,812.4349365234375,1122.904296875,0.9545504450798035
470,312.8603820800781,187.15771484375,208.9752655029297,817.3116455078125,1120.771728515625,0.9542776346206665
471,313.4231872558594,196.99371337890625,218.9622802734375,804.390869140625,1115.0438232421875,0.9550004601478577
472,303.13226318359375,177.9725341796875,199.70388793945312,812.100830078125,1119.69384765625,0.9545691013336182
473,295.86895751953125,182.07266235351562,203.99996948242188,817.8544921875,1117.3197021484375,0.954247236251831
474,303.2891540527344,185.82559204101562,207.91351318359375,801.3023071289062,1101.35693359375,0.9551731944084167
475,306.8204345703125,184.98599243164062,206.85928344726562,810.7203979492188,1114.4415283203125,0.9546463489532471
476,299.9894104003906,186.69134521484375,208.56051635742188,810.0789794921875,1110.0657958984375,0.9546822309494019
477,314.8638610839844,194.8622589111328,217.53988647460938,799.7255859375,1114.180419921875,0.9552614092826843
478,326.887451171875,181.96929931640625,205.1727294921875,796.685546875,1121.790771484375,0.9554314613342285
479,315.2271728515625,188.64453125,211.34515380859375,804.3360595703125,1121.80419921875,0.9550034999847412
480,330.8843994140625,170.7871551513672,194.08180236816406,863.572998046875,1190.37353515625,0.9516896605491638
481,314.5244140625,174.7562713623047,196.95814514160156,814.6351928710938,1123.109619140625,0.9544273614883423
482,311.8302001953125,181.73678588867188,204.915283203125,812.702880859375,1119.697509765625,0.9545354247093201
483,310.8077697753906,189.57186889648438,212.12486267089844,805.2056274414062,1114.239013671875,0.9549548625946045
484,310.84588623046875,180.0128173828125,202.35842895507812,812.375244140625,1125.77685546875,0.9545537829399109
485,316.27789306640625,171.43734741210938,193.54873657226562,805.276611328125,1120.312744140625,0.9549508690834045
486,314.6945495605469,192.24066162109375,214.79449462890625,807.9173583984375,1116.47216796875,0.9548031687736511
487,308.9378967285156,188.69134521484375,211.4676055908203,804.438720703125,1119.40771484375,0.9549977779388428
488,307.1752624511719,174.81126403808594,196.52435302734375,812.1468505859375,1118.9296875,0.9545665383338928
489,298.9403991699219,173.6782989501953,195.3800811767578,795.8004150390625,1098.337646484375,0.9554809927940369
490,315.60589599609375,178.43283081054688,199.96096801757812,823.1978759765625,1138.896728515625,0.9539483189582825
491,317.74090576171875,196.10948181152344,219.08396911621094,839.8115234375,1157.899658203125,0.9530189037322998
492,307.17901611328125,177.02906799316406,199.2335968017578,814.4617919921875,1122.76220703125,0.9544370174407959
493,308.08917236328125,178.3915557861328,201.27230834960938,870.6724853515625,1185.174072265625,0.9512924551963806
494,306.54388427734375,164.91534423828125,187.03733825683594,815.1089477539062,1120.519287109375,0.9544008374214172
495,308.4139404296875,199.63790893554688,221.55728149414062,796.223388671875,1104.8399658203125,0.955457329750061
496,315.330810546875,196.55331420898438,218.82180786132812,819.1034545898438,1132.20703125,0.9541773796081543
497,301.3697509765625,177.77713012695312,199.9014892578125,805.7220458984375,1108.6510009765625,0.9549259543418884
498,302.66094970703125,203.49745178222656,225.35385131835938,811.1824951171875,1113.989501953125,0.9546204805374146
499,310.0813293457031,193.93527221679688,216.01715087890625,809.226318359375,1125.4962158203125,0.9547299146652222
500,310.1960144042969,200.91513061523438,223.0790557861328,831.4805297851562,1142.640380859375,0.9534849524497986
